Algorithm,Degree_Correlation,Clustering_Correlation
BE,0.3019664829523445,0.1478194914248489
Rombach,0.07158031767176411,0.07132090940887581
LowRankCore,0.05159940918030169,0.15905047461217756
